X1,X2
1.711773029762304,0.2507933620502434
0.374423662543469,0.9477153059448628
0.49296191316812227,-0.29446927970097037
-0.9451026942633993,0.09887012964726202
0.5347702691629787,-0.36284805490682825
0.1129492898038581,-0.32108902614987855
-0.7565432049269114,0.31818790635008865
1.6130851393602004,-0.29889084397581644
0.9309360811508507,0.5144996495608875
0.5303077957053233,-0.2853698741120259
1.1390760148797183,0.21101481710584602
0.3539427288935629,-0.32400078127519044
0.057323195584716435,0.13179545074185686
-0.15346958295473484,0.972692851565834
0.49439455268768606,0.9110181121780249
0.6605854829088309,0.4612372229818513
-0.5623939134805929,0.76626990781172
1.0697757510699393,-0.04269425400865606
1.7578350484573615,-0.4166781679085316
2.0612669973410953,-0.10197261475390598
-0.429710774159512,0.6951613987173445
1.4009779575278478,-0.0820482885219811
1.969795989147881,0.4760398817931658
0.16438115236556516,0.3162927137670405
1.993388757273864,0.31495876687219754
1.3124396433148677,0.2976812000517456
0.184458011925689,0.12395039899901955
-0.8281199814951546,0.2878982573765572
-0.699692531781212,0.43450013935397586
1.240859129752504,-0.08088078626616238
-0.3477949439996238,0.8063157538873018
-0.9947003264560603,0.22141384430969135
-0.17781978384290797,1.037409993574029
-0.7163825979565115,0.353326711301147
-0.005144060620157133,0.39567952077636204
0.3334571730028941,0.8037675546696292
1.4271937353072708,-0.3361195941828685
0.3431792763228875,-0.08435761691835081
0.0074246016872202,0.27599928264214424
0.6716325589031426,0.7188307806200033
0.7604877795860447,0.16413216573445252
2.213651827659829,0.14846438911467805
0.5556128913572704,0.3868723752538713
-0.3614913332643015,0.7656068778050259
1.4600546517188309,-0.32541531196009743
-0.9555750408937824,0.8608330890174491
0.12368147923788232,0.9509971667440954
-1.3156743932956467,0.6827047563832869
0.7674328480545967,-0.028451745798888317
1.4880074980936473,-0.0763896005834277
1.3096670497405616,-0.4101953514747314
0.802408493810503,0.8289776705846436
0.9588026888038167,-0.4457300133447717
0.8015065056996363,0.6089947127312869
-1.0733093737076909,0.23716162176281427
1.4345821178100842,-0.23996294277961014
0.13193477226359882,-0.35974420372308813
1.6063421933233886,-0.10627279853457253
0.2971127528524287,-0.2771775620916665
0.2734613857249689,1.0477554409751217
0.7693877749020807,-0.5302245754498903
-0.4498095234475089,0.7012932221005155
1.3886628037022024,-0.62799285153424
-0.05129329099708475,0.2717254057423062
1.7603389895905897,0.5283433180153423
1.8849709983086707,0.12286915576396103
-0.9657009295106408,0.24234895717479416
1.0580827700373172,-0.5636383233648674
0.958037246240751,0.4235148476811269
0.9680299159087241,-0.49313873851549705
0.748991548862775,-0.5887625272861358
0.14783036108217354,1.196073275088887
0.49067854614265793,-0.5504227694042385
-0.09337700018308807,0.4652378362198172
-0.7640190134075675,0.8813671170417828
0.42328368992065163,0.8933782620668814
1.2533829413437862,-0.10375324975566985
-0.9640161029612815,0.6648567884502697
0.49691352321746596,0.977776693117894
1.8162313351982937,-0.05577774819739684
0.9831222911487157,0.19323784050081702
-0.757359334042173,0.7634373032520003
0.8645113459567237,-0.7041245580133181
1.160405870414242,-0.09785135236406034
1.4459198414898737,-0.07821413528675447
1.1715502363736587,-0.5798246764132334
1.8921405847281152,0.15342545846332237
0.010691191478755566,0.9671781351809072
0.5470651779182312,0.6208592837847877
1.3500018742379256,-0.5779282531453658
1.1818567959300252,-0.599752791092165
1.6957426101586934,-0.48405665218326865
0.8393821142724947,0.7384580785080005
0.29557282991856837,0.8601056158440763
2.1194664861925365,-0.03525927193001954
2.117696375278048,0.06421518016391499
-0.564359415320252,0.8802735050037
0.34039382414678815,-0.15749606503247765
1.0886751613564232,-0.6380701348296518
2.002626888774837,0.07572673928174478
-0.9828129164400529,0.12247342320913199
-1.1101514879509382,0.20428128106603316
0.3835887391967181,1.0668948906179152
0.4400733192599563,-0.4656773743344943
0.9125672667588663,0.7040604542091747
-0.581738070085523,0.4274730707194059
-0.3411293041405382,0.8826895033239877
0.7131043300337395,0.6979967434675035
-0.23728096167833454,1.0826590251389554
-0.2573829264517377,0.7905393104575319
-1.029211220796664,0.7333250843060702
0.5840388915412204,-0.7910615418449911
0.06658730034096384,0.7453726323330498
1.7888394427093417,0.012344881901084154
-0.716177363056726,0.6702636425051097
0.4990168906112665,0.8889644558514097
0.09210998508158996,0.22998095603709356
-1.0968728216418102,0.23047845429368516
0.4211495424935156,0.7809754392071006
1.4061932973484508,-0.5802375698625191
1.8582200415370898,-0.02165256147820964
0.1692858072550338,0.45823586350292006
0.05232553751459545,0.2924918944792064
0.22582632565317445,1.0835219729110797
0.330241344921076,0.747662970528305
0.9859426485049054,-0.5351110953066937
0.019979598879336022,0.9657292325576073
-0.9290254332862613,0.42737742584779365
0.16802478954651096,0.0026232559960289725
0.4172694823305143,0.6168413422199026
1.804053748039715,0.1511838257839856
1.7410656734063024,0.2040397505041019
-0.4657240767987631,0.901498402623136
-0.12465317466155829,1.2193088922343305
-0.7918610512174358,0.5300760537609
0.1439703400953897,-0.19056388891191262
1.9395936628078465,0.4595709397297022
1.9807120750799172,0.20913793974746467
1.652562472492771,-0.1309742221227929
1.2819176276917439,-0.712958948758684
0.06346789524454816,-0.19273844695488238
0.36661102449616556,0.7867877648231849
1.324483046091096,-0.6363224694214417
-0.8274004328258636,0.5314974862518641
1.121127518699847,-0.866869278954945
-0.1777041629708761,1.0541743313443945
-0.6888074466352674,0.9117767709756511
0.31146188475531694,-0.14047991663288537
0.7612922679935932,0.522936532612106
1.1091232263324509,0.34469595885620435
1.5778227117418253,-0.4532373790847125
-1.0541560687988698,0.023869357024522697
-0.3870973271516144,1.189261909501059
-0.053166014069099626,-0.2730198098108314
0.7897352909157251,0.7908976300260294
0.8108675795891482,0.5678869513534041
-0.26139269333301907,1.259250417499657
1.6206301584229863,-0.42799660252878147
0.06401787118600999,0.8748648098648539
1.5389138176050652,-0.3590743964010424
-0.3155926522115886,1.0938942596897734
-0.8635736907344276,0.382896638132462
1.0108209692300925,0.2344459390794001
0.4320785658634338,0.027304237762936234
1.9373006951643519,0.4022440156994399
0.686524627367317,-0.639517033782022
1.8383728793791823,-0.35128038034366443
0.11883486603982887,-0.10916717609916891
0.9656727284785362,0.7237522501669397
1.8948621914893082,-0.2800751764677915
-0.14290910109405366,0.3567246529830731
-0.5833788389691718,0.8072417564875608
2.187380401588538,0.4299514495138823
1.942926632193135,0.3398032150176747
0.17820262405056153,1.100697329459311
0.48424468517733077,-0.31124029590382263
-0.5467860595576992,0.7068389684860008
0.6137737005382968,-0.22339668241230734
-0.9784719407046553,0.2571651225023171
1.3046785214491619,-0.6821457628150045
0.66684875820556,-0.43253544971385116
-0.8151595571158785,0.5817921729548788
1.8884447807834268,0.08340435952067783
0.3167398332300758,-0.17065801299161404
-0.8482581935229068,0.610153078667953
-0.6569222732620605,1.0260048782894033
2.0732457498640593,0.5819328098243544
1.5802486327170764,-0.20080019661035495
0.20040865202440963,-0.25710225041181406
0.30000694477419865,-0.2476894571224209
-0.3960752205941061,1.0364527363730593
0.8464171841051269,0.7538630417631336
0.6910416089284508,-0.1794264149718653
0.7836604693516388,1.0544608279326733
1.0729777271559113,-0.1106313619771564
0.23065575003751862,1.0502283468727844
0.24748456255666942,0.27674740720612284
-0.9199756124934028,0.2538782750134997
-0.6029963178513824,0.6929245069756925
1.0741684018344435,-0.39862733439006853
2.171787290908465,0.17035200088205943
-0.26262157537245023,1.0632200031833579
1.0351195242958944,0.4261291248139711
-0.6592695338339224,0.7712712357836965
0.1479123241485405,1.0613124118927295
0.7167403825301087,0.7411242024007204
0.7805036501151565,-0.5618816557470658
0.6138139020419467,-0.42507796441576384
0.27860592972368403,0.2432296306901043
1.0310881097857592,0.2121545367015505
1.5306003527915153,-0.4330181955414561
0.7515902007758125,0.3862125569817827
0.5318910318702254,1.1725144602828692
0.7456293834735125,0.5850492717411977
-0.3607853874760196,1.1067770501815377
2.1447133479083957,0.13174595651816512
0.24498953681513738,0.17125483017371063
0.5585139443051789,0.814455518493034
0.13684852829046978,0.9652158797037118
0.25688239538147284,-0.26445008544831294
-0.872092453233342,0.35858392203066736
0.8292441309783317,0.79970527165866
-0.4186637430720279,0.9398618643441919
-0.020042651864696878,-0.18901413450170484
1.8213535187327463,-0.07039577261056314
2.206198800319777,0.39163430065645477
0.05397605515947462,1.2563268200833366
1.1341143458691283,0.39663071690916124
1.432998096491673,-0.5281886685172997
0.26988580440223264,1.1087796655494913
2.2643451194122495,0.5408318842077636
0.6967446483096401,0.4700142957597601
1.5454402205939122,-0.6167950425677391
1.0406133946382488,-0.5221094838125472
1.7101020155574218,-0.3649756369418252
0.5467892193838284,0.8028947867753329
-0.1718850138990697,-0.015645256467756552
-0.9438198565435038,0.6078578828261305
0.7961793507738663,-0.46007011118622465
-0.254681511585573,1.0567182751069681
-0.8428310101946408,0.7661360038975049
1.2450484946874107,-0.3074561100147386
-0.13579992733015386,0.9621286243569753
-1.089234755850675,0.1642771371662433
0.6403113454018803,-0.39036254657143665
1.0723538312565304,0.23333627652428696
-0.6365664824041793,0.4688329601274881
1.9778476675839025,0.19417749689092845
-1.1886073773803714,0.6977813762195504
0.5492497685514998,-0.36982727217046313
0.010127721526605307,0.5648122648168739
0.3398383850076422,0.7393429527638838
0.16818041040294873,0.002540525135743793
0.1084561612977628,0.7944354443347326
0.8317059059418638,-0.4765479746149987
-0.21458460641131544,0.44103620720432335
-0.33008095762728495,0.8539863069296816
-0.3340007332916421,1.1036608918741615
1.7966217872310992,0.19396103890169325
0.39192657073911336,-0.1362258556124718
0.9965332935494846,0.18778300951608878
1.8378135657822467,0.23970342884849008
0.8341200605860878,-0.33774073467202315
1.1831384774954885,-0.35746436297743844
-0.34905993247109063,0.2449502304612701
1.2881562269064495,-0.1721225967632849
0.4533228009689847,0.7837254169651982
0.8440416602204465,0.6966693907886481
0.7061665274135454,0.4760178196363597
-0.058554027440016324,0.1911002221924798
0.6050670217734352,-0.16687793482160146
2.0430819581072193,0.35855681084881735
-0.02962084439656942,0.7654212504622504
1.5140601236506221,-0.43600575912922873
1.967217398696119,0.8722486698053697
2.038051293996796,0.27113842836049196
-0.404495817309505,1.1124960970892723
0.2276698315763911,0.7618135422000811
1.1111572554107754,-0.599864380493079
1.0550638844490225,0.7951081857840185
1.9094522860030367,0.4768643135151761
0.9018976042686484,-0.36620430622160627
-0.3262554287212449,0.7900125035473825
0.5393814122760969,-0.27687116682268
0.36531074030120386,-0.37196045594916527
0.8395684804115918,0.24801666664251149
0.9014806182476729,0.6457331798195282
1.6183026722550058,-0.0769514841203171
0.9618190756513095,0.29541053431354247
0.7136550839391562,0.5519410083947818
0.32074832549146187,-0.11106379211610945
1.4679223427689136,-0.06864830969547886
0.879340897173181,-0.4293434876458834
1.3756065967513238,-0.4910437708177691
-0.23301661756684294,0.9145764832037954
0.5708309409109341,1.0357102290464204
0.8390223236298175,0.31202311609427613
1.83431254552604,-0.2887844917473866
1.5453789896499714,-0.09525285385548966
0.42057254814461564,0.9706916710939039
-0.40339471710564107,0.8916193102130577
1.0976681858704431,0.31874124552188665
1.9302891923622936,0.18691676879894642
0.6755892065325503,-0.602431874490926
-0.5297681040396696,0.5871840154626835
2.151094343450384,0.4792638533214756
0.29412183342314735,-0.08233960736958566
0.5229284161475041,-0.34680951334485977
-1.116608040845687,0.24239464349513845
0.8186971131207043,0.2723541445968608
-0.02902432503212915,0.24789282790695422
1.3977765236933148,-0.47359440272276265
0.33629386910329795,-0.23072912202927454
-0.8662165677023455,-0.1233594804713423
0.053644235134958425,0.5297428394466546
-0.19563259072644723,0.8972988141800997
1.2352287188981779,-0.46047902616584924
1.26327378488676,-0.4041771694255367
1.9237178695281076,0.10648019015583804
1.2905583995376066,-0.5095949289487841
1.0913284055672343,0.4229096282069359
1.5335488725627722,-0.47906582934136976
1.0297193248943066,0.48602238119828484
0.2534576387482616,0.9421863930588253
-1.07989873501141,0.01471886573749416
-0.1238511280815779,1.013382704979068
2.0787326065963447,0.20100234845027065
-0.25469096282972636,0.9044680966339937
1.474907685009409,-0.3390601668578963
-0.8644442918645693,0.8525624064045169
0.11180341895746589,1.1025648504957313
-0.2014470430319637,1.2422611290773098
1.0246249315546978,-0.5507056776889978
-0.08928546409768807,0.9507859432734131
0.5952835088523974,0.6373814045509412
1.5189856286517234,-0.3961185057209824
0.5472707956243099,1.1710306053324544
0.8198204286323157,0.5241857195923044
0.07630895949805741,0.31752905697699685
1.5784869411112012,-0.16071053063900434
0.9141340741423027,-0.39751692921218323
0.6154589895206302,0.9597280772258151
1.549289981978968,0.30435146126246365
-0.9633495016739215,0.2267661580591378
-0.05968943763735253,1.1967067803438753
1.2901936598316173,-0.30754057521967076
0.6948512701066111,1.088742840735891
2.223879975279994,0.40217719072321595
1.0443287885113524,-0.7397497696136446
-1.034729558808523,-0.06049549567080782
1.177993896741796,0.49658484635095185
0.073485850601866,1.0812088782765925
0.7348350938354552,-0.2081228531720205
1.2471447736185057,-0.4110381224241726
0.8147493191517187,0.17922588761966396
-0.3995857846524204,0.9458889551259149
1.7349020850552408,-0.20479878114420152
1.4866457129949477,-0.2289597593770875
0.40143546611504105,-0.313880632743069
0.176878151527239,-0.2681417029905456
-0.0007984695218681281,0.88613709892024
0.5533130962493416,1.0639311251894028
-1.0690929757259484,0.6331631654392923
0.7955828085709156,0.6736332661095897
-0.3870728865227562,0.7951666601187235
0.041646985842474005,0.8765824875185809
1.7834849211827855,-0.279753878907672
0.8148311520419718,0.8391155778406091
0.07775588692887599,-0.3051329183922948
0.3995939234192656,0.5046821502947858
1.1764388252178222,-0.41434924508494164
1.5788044927297344,0.05617998761104637
0.9054261381217692,0.23116088473539975
1.921182097615083,-0.09928942789689821
1.246523635525215,-0.5916683461277821
0.875593998361617,-0.5880009526085397
0.02961441739716221,0.8500434429654687
1.7022675488906787,-0.18041108653373097
1.9290781429879726,0.13230789199269877
0.8392762407503169,-0.4162544894872164
0.7125422079451179,-0.2806551106928731
-0.9534006323864284,0.347800977236318
0.347543746229123,1.0054301102093222
1.6645973550058841,-0.31010510841311933
0.7499918523545933,-0.4331907646758737
-0.9106924589609703,0.6898428827533445
-0.06626845181798537,0.9669028434472653
0.7669669955857846,-0.7591652321861383
-0.43170594984879496,0.9509014344386053
1.1197459545326138,-0.6495550016729063
1.965912499649284,-0.26058983227473237
1.6234752769066465,-0.314249824302016
0.048775601489641204,1.2556240235449203
-0.8420776447025586,0.8864640743764909
0.04180662539598502,0.8935273261284425
-0.7854195907250636,0.0692104881815164
0.4163081822439,-0.23997430976780804
1.663804538083383,-0.10790685014822143
0.8006766049823648,0.4693955301159512
0.08424460722849474,0.7444011298000731
-0.8403699876428505,0.2663382888924404
0.5648068023065812,0.6234749472905932
-1.0098801843028404,0.5040664886940727
-0.6152648844195447,0.9392452614392105
0.4439566878699438,1.1782633548546428
-0.04881205401325234,0.2044858496217146
1.7474793264843034,0.37597475781783496
0.5551956974657325,1.1542124478472684
-0.18276005689151095,0.34200131653228133
0.2675873696173,-0.14307291666083985
-0.39617088659582966,1.025130466916739
-0.7481138935843137,0.7337802268523616
1.8146888686896945,-0.179538650883612
-1.0488700212326039,0.16494366528377688
0.9619227711835718,0.16592417783923996
0.6743773578888443,-0.21819243673978136
0.7703795550599195,0.6830515938686745
1.091709575238476,0.10962200432414791
0.9882998856618822,0.6386427260359874
1.7717217836784525,-0.048751714695638104
-0.6914422608325758,0.7210615504854353
0.3236321946788635,0.8858902196744209
0.8322777381190944,-0.06927326153312113
-0.19410676981808733,1.0322095272399394
0.3952194065848877,-0.5237535314944218
1.6923256140240561,-0.17887521727950706
0.42395643408994754,-0.40543633490238634
-0.23658759234227655,0.2701663950919614
-0.16073345042344414,0.5170197248322054
0.7921711227404,-0.49271758004488936
-0.15045752741361926,0.930505647473986
1.3480751427221722,-0.1893735996626152
0.21086825565666203,-0.22194897601945074
-0.3505689174831571,0.9438821412075687
2.3879417475904106,0.14285916190510317
2.0354463501471622,0.49788806384422757
0.24779410358011603,0.1114111505366531
-0.952823417029689,-0.014735183090886679
0.35416742049884486,0.8980107990302018
1.1293923809194266,-0.554787686868526
0.254931367646341,0.9757385326694298
0.9920974740707705,0.5600570275564348
0.5325975621194625,-0.2902110742740177
-0.488201865673357,0.8378063547564891
0.8902114362715645,-0.29362538028830365
-0.5586097235199692,1.4418640323193754
-0.8407559429790099,0.07435603656008563
0.7810866299118306,-0.4347221277190376
-0.5265309409185746,0.8932361973974376
0.39481502996112505,-0.2117748965721099
0.8736940591466534,0.40632936151429966
0.5374872552592291,-0.231195531015885
1.0890137296608124,-0.4347688618835743
0.33032306630816455,-0.11116499746520972
1.9147858751724818,0.044199181952753706
1.5443895046306342,-0.28458293608685636
0.3676397828634032,0.9363627437464931
1.6038840432869896,-0.3687969645482076
1.020523450668646,-0.3640606498603969
0.19483364309851414,1.0756169240910503
0.7811602723376722,0.8176184397691871
0.2824627600493075,0.990314000622769
-0.5684642111552395,0.8383556982324338
0.17917254138227862,0.565375377639448
0.24182811410915395,1.1424782750449707
0.6543326043001598,0.620465040813797
0.8127516941811461,0.43514347877266
-1.0835286185879052,0.16588885276850984
0.6009135735137694,0.6480115766948664
-1.2612649652124934,0.24421014228844892
0.17073118367682344,0.8627856658073878
-0.1999438762805989,1.0949416543727326
-1.081768717703264,0.42719375476325827
0.22868829482273756,-0.39579819272712846
1.6514037484191717,-0.3789500420066072
0.0027639769995568483,0.6985196115436685
-0.44231839287160324,0.6572914131582016
0.2716039090402314,1.0065075093884677
0.8576622147729769,0.5605486921371249
0.4575681004344095,-0.4684089343260501
2.1305464449747356,0.17634045265704218
0.8888511045194227,-0.5635261435685905
0.8276190359295289,0.5616305489308341
0.3401311660440276,1.0390507147689065
0.8066894655808675,-0.021922299717150373
0.48980265328513123,-0.3986407254549342
-0.6308320089768773,0.5136611998501237
0.4570698463490065,0.7662357728857655
-1.0523785440283557,0.250407995681141
0.24072312301895377,1.099519889558525
1.2045578942871802,-0.48025600558465364
0.1829613628481241,0.9959596572820069
2.0474937709733676,-0.013116104959803032
-0.20074360032527253,0.9492228151660856
-0.9150759810816921,0.5780766578093731
-0.8126811665650988,0.8023895964478122
0.6032756144396776,-0.3708555638181865
0.41142388841129274,0.9382809264647403
1.4109117480332976,-0.4513545684936866
-0.534415911130679,0.7312870557240909
1.3158307231580684,-0.251817200429624
0.061483095749475525,1.1273237009697117
-0.8356290252726511,0.3822445497386382
0.6727564607655417,-0.4106318845989195
1.2390090482409863,-0.4908110266756388
2.074617549807419,0.4930160121994849
0.9209382297373742,-0.5658365479989799
0.8407139318764079,0.6317834838875572
1.7662586448939634,-0.02890394977407823
0.04135530165530424,-0.1653013976891715
0.784248738101011,0.48733445246125245
0.5392136878798797,1.0124184340830555
-0.1431862210342247,1.0264273346951838
0.9569612440404103,-0.6614829662365471
2.0819866751194662,0.11140609271691075
1.5591797295426726,-0.5494174516083792
-1.123856087834438,0.5770941951486318
0.7124017816237952,0.6195049944071722
1.0245871374729936,-0.31909350927796265
-0.1727011696648121,0.6396834776170357
1.5579800841192166,-0.12510843008332762
0.3438974924231314,1.0099352460525568
1.4265307949668404,-0.38568876385007494
-0.63544443497613,0.6167260764883779
-0.5589412230446382,0.6653205067748718
-0.8003344304199806,0.49363520349526263
-0.44249487772977214,0.9696539938812428
0.8591664229206617,0.9852841308523048
-0.8878949966818466,0.426146107412717
0.29904814014609055,-0.12781302501814704
-0.16378125785081876,0.5043497420352365
2.0788823792109468,0.3709966485645103
1.064659012610857,0.050096068006404156
-0.5062717638383085,0.8833204239736505
-1.00503341217028,0.22028375367224867
2.013301221549709,0.669499732679796
1.0401573048123638,-0.6942506703016023
-0.930060699743376,0.3049629919455752
0.1342819719660233,1.0307133371762143
1.964127387914302,0.6543504711955276
0.5703575800388148,0.46147352382480245
0.18710810116034382,-0.3499245607365512
-0.01145773513192215,0.5771210420950337
0.08679542534603119,0.13419846968999866
0.4410386136100697,-0.5215111841602844
-1.0562745123660364,-0.04451253230569842
-0.46369378345860224,0.8384663866695676
1.5870617212906146,-0.12015066850438792
2.034947947652207,0.39175947248535964
2.0844619456146525,-0.1832497289035007
-0.3323078966772768,0.7889185601104938
0.9557682186398165,0.20476573617353439
0.799280212246221,0.7475306379217105
-0.0027519544170801352,0.22543386217013878
0.8247104379233836,0.6257358524857055
0.011303353503937602,-0.1364972739712553
1.945123244169934,-0.2660342181715991
1.8367322939545838,-0.05497790600917038
0.9168616664092718,0.5361003216023162
1.029376131463675,-0.20249058228525868
-0.2057318103780534,0.9599712464825846
1.9338288360753615,0.5285685255823976
-1.171655268285736,0.4319471136939586
-0.41830965046149654,0.48746276828862467
-0.3385572818674057,0.8309184041591131
0.11892902381642703,0.1756691257545913
1.883591801914083,0.3732736575058562
-0.5560923653131347,0.5339418894593425
0.11472533358028426,0.1899161421940952
0.831010611653382,0.2953523503196292
0.5931748250123787,-0.2237049971644394
0.294730502234008,-0.25285252768445166
0.31516473022581803,-0.27691618871429624
1.0022135064188036,-0.5593096435223468
-0.012361493253449318,1.0381898927190754
-0.04273072557551495,0.2778640216236188
0.29451889875306586,0.9627372391520267
0.21136637237554068,-0.2753256066599401
2.018930828634035,0.052336860748069924
1.9020996163374078,0.6667534139218307
1.1391063711539735,-0.5873340742336385
1.6338201002197608,0.24496506292106565
0.7578210187604538,-0.3716304136167832
0.26315579915641685,0.9632787122699791
-1.1749141471340603,0.22570753198520904
0.29496373145201554,0.8130758218297542
0.4307966577770136,-0.25832205939572567
1.4688936993755992,-0.30384372562741135
0.8603427972175008,0.5912227392068854
1.0004803448742345,0.6680259271502728
1.7671235943129402,-0.13140589687414608
-0.6430378123706473,0.9270320842213003
1.9654011287183117,0.5514767962852327
0.4241024946401386,-0.43545010578775434
1.594112496916045,-0.06876938554447173
1.0266657488380073,0.3856849111483041
0.7799182838784194,-0.4555067384481424
2.05638198026589,0.42583223323766994
-0.7876775418065007,0.069957818795083
-0.8819452668539941,0.3571677980296724
-1.1382642639871499,0.5383857018042671
-0.3108302185306405,0.9597178084869867
-0.1276871532959293,0.9106118415625772
0.15951026026288712,-0.16843606426366212
0.4121584498865317,-0.5681822689153744
0.6405060918911583,-0.5595113796824023
0.2254034087554876,0.08444155721060499
0.5612903648547307,-0.5853308240299584
0.8012002608501019,0.6357757965375108
1.253081329202241,-0.3771778557470681
0.13353089372082783,0.2839774959353497
-0.3944533900626993,1.1657632621392275
-0.7170503463046481,0.3559706405548372
0.8920209055265924,-0.6139195451296592
1.2944857197749247,-0.32958494408968275
1.334465006253715,-0.25214072029466916
0.10546858601925238,0.14907992455573132
0.4081595891902552,-0.31156333392702995
-0.8789960845374778,0.6078820215156561
-0.656355004116522,0.7608136387200863
1.6259853220132787,-0.3723462017638761
0.27899259916772506,0.03472922749014862
-0.7935551824520146,0.9358376165692207
-0.30307311095108186,1.0159569688932124
2.09964635794723,0.5412266076659406
1.3272886427199468,-0.5720872773631549
0.6749431541674561,-0.6354708254655512
0.06641961250741243,0.5853982846076965
0.08910529954469446,1.2509649592660568
0.4641837340327913,-0.24455546061694083
0.4802361874753712,0.7069678420867297
1.9907963508609652,0.16457099364417233
0.38634509348597085,0.8918792398903239
-0.16844459806673245,0.10738224938433344
0.8705691851589893,0.762160725778664
-0.08614706109797064,0.994380148130304
1.9161333189550123,-0.002334493404998722
1.9368394495219936,0.008393087274291208
0.8673954055424348,0.5295442945940799
0.32760134833166227,-0.2724017925043837
1.1172852645766556,-0.6113721039039748
1.0874339744407178,0.12258323988478162
-0.2428565334706576,1.0082577209366739
2.095403763847495,0.17589083458374621
2.086431107619758,0.11300996731264285
1.7835358157529968,-0.022735094530241525
0.14975972620955985,0.9705732995359889
-0.17170091952788785,0.7969498840817703
-0.09672819102697636,0.1709939375640993
-0.02286365693254401,0.3586621226799068
1.315709546581312,-0.6743198005192161
0.054485579689261626,0.05715174570539852
0.08725640517236949,-0.03945289715266921
0.0990736912575931,0.19512761230153508
1.4604325936619191,-0.23889185025531215
0.8779713186348111,0.16371406086936116
0.2292076640766702,-0.1663949911585202
1.8552581576308818,0.3375600579812761
-0.019129383419511717,0.990199943858932
-0.03752165388441014,0.8853246659996711
0.9331728398026338,0.11334308974487947
-0.8317829401282852,0.4163839106206515
-0.2753265285980972,0.3039983217873462
0.14253381874545354,0.8327121406675695
-0.008360095375893767,0.1914821943585797
1.420392399844395,-0.4799827173373077
0.996402801206845,0.27149816096752577
1.4213919161784323,-0.3216915690918927
0.42885183293331886,0.8189193136318372
1.2508398101072538,0.2199364625530193
-0.8925305180848625,0.8409537861646594
1.289160343616985,-0.6581199167602887
-0.8416702034632779,0.4948206570784894
-1.0909016057691308,0.2483241358431893
0.3045783446920412,1.02911568725732
0.11259200271218187,1.0506421576818383
0.9973204349179052,-0.6970911912848088
0.776716260327746,0.9603415407505704
-1.02157502617207,0.1531733853154704
1.7693648725719462,0.5331261113802932
0.6839616251794705,-0.42503548105006583
0.27221534601619357,0.006718554708882808
-0.5175007921413692,0.6454018878705887
1.6500306027660432,-0.28302489069041736
1.625898068667342,-0.36129215628267297
1.3734693744347286,-0.2955500556739795
1.242305785430895,-0.6924310397939786
1.3832144014889742,-0.2854615750799473
0.5133378244576068,-0.3527105639524718
1.3803646224395996,-0.35055358852224716
0.5603841828775529,0.8212764258458976
0.06227377598872043,0.8801149683321712
-0.8973750353108836,0.5252125918190802
0.027116716233412382,0.12244428074960516
0.33223574827931174,0.08513001254727731
1.3263255394202775,-0.3746690285117291
0.9239992266641379,0.5991185293839426
0.4817407410083925,-0.2368123371588438
-0.5273407586798462,0.6145919593049374
1.0940248697517996,0.4002562417245326
1.8197059493421324,0.14893798690290827
2.0891586844761525,0.30580441489800086
0.2942005063105415,1.3456628208619237
1.7409653623251784,-0.2193616184261809
1.0311886996884398,0.2772351960907706
0.9700871325163165,-0.2819997749775589
-0.6368994548690983,1.0038318439780598
-0.6205316722928542,1.106121385843897
1.0669393531465174,0.5253769385055238
0.8550893516345404,0.47686169574125414
-1.0566409233472331,0.046623391303222184
0.250027848250192,-0.44507735869883697
-1.0020756619141356,-0.10345916610962595
0.780024444571755,0.736829512501901
-0.9625452521582788,0.755081753939018
-0.31959716673570165,0.9186885771479459
1.3045777444524487,-0.43153789273729415
1.0839902988453127,0.20180274826372152
0.18856233394566674,0.8793662420942137
0.3647043710601183,-0.5051298916066503
1.0669071082334478,0.9676924047564354
1.0569172058726124,-0.6640907418268902
0.29523880535275115,1.0569175662812291
1.1122031367238578,-0.5377971442548186
0.44090184616665795,-0.2923033686761466
-0.4952639443399696,0.5283747720271006
0.96078197370782,-0.030378446770744416
-0.956555154477718,0.632265657194004
-0.5888690690751224,0.7180033445320305
-0.8616061600845305,0.08812622213842315
0.8449856871457893,0.7143417569205672
-0.5252740868847202,0.38250038105418327
0.5899860892438141,0.7158527218096951
-0.10578398602657893,0.8441527625745926
-0.0012174345845520074,0.11076297906972354
-0.4431922210047327,0.9454893006651691
1.0575045811728092,-0.46144391500771037
0.06505337254378192,-0.2487505227388955
0.4455041392639805,0.8320565603143957
-0.032072293087328285,0.9831600806843785
0.6883969497173323,0.36127062505943464
0.5893307847742317,-0.012592565033054282
0.1868571624483542,0.6233198418117398
1.2467737835435153,0.3165016960344858
0.8583851475319677,0.23056918473230198
-0.2964648604882818,0.9956039714398401
0.932710615996878,0.6070010572633349
-0.9079275669784924,0.6676057726502391
0.1305836943290731,-0.1444953538120414
0.05705090331179133,-0.14950909107483812
0.5487974046243087,-0.35569123610388076
0.323836548803365,-0.12856134733123242
1.4047010505594204,-0.6342547139910452
-0.04652386524860247,0.9924680712723357
2.132252491517367,-0.34035398075299056
1.0653334308944218,0.6831765764219935
0.052998403271559046,0.6165279680091288
1.7755923825547928,-0.1358319267905335
-0.9961193782638113,0.33701838425901076
0.6189085906011406,-0.43192219182965824
1.16912612781915,-0.460662826437953
-0.20951086085211335,0.9864576798468011
0.6498033213986871,0.8171416601335109
0.64712754128854,-0.42936541667490646
2.119753186485928,0.040629075523851865
-0.07866877533493778,0.3751027897133633
2.1764093320065556,0.34140870839855975
0.5355858966213319,-0.39016900090078377
-0.40910273763592286,0.7710396414912593
0.2720308765324887,-0.30075159703709514
0.6312443942737926,0.36110396041268583
0.6427523266666281,-0.1794726439733191
0.11984300282664077,0.12020521649871019
0.8928064066858928,-0.4980116170631089
0.6458795611431342,0.9313929556234056
0.091321497832731,0.9917986328431505
2.018573933860173,0.4060683040905251
0.5921212370350568,-0.23969832774935967
0.5790450208747382,1.03565052788389
0.27828779091964384,0.8470476644483941
-0.27306593751816566,0.9799903915586671
0.3296231628698846,0.8462921617703875
-0.16311774703774073,1.0476906544233462
-0.9684289374157301,0.10954959106091489
1.097327382298519,0.6996876951954492
0.6095429579313435,-0.26676547276442364
-0.5277350633094394,0.9875780847885307
-0.5709378236520951,0.5062493380513606
0.04966497425219196,-0.16557941938366688
-1.1525420130033195,0.029550818400986056
0.7000615975717286,-0.6805190845344838
1.879918961835018,0.15590441377918712
-1.1069893485243656,0.46767797204400163
0.10285352894097242,0.4270323229675262
0.49848340862496576,0.9303019768150361
-1.158410152199112,0.23712728895771581
0.14655271682719098,1.0756673698812378
0.24174241648795702,-0.44750766156522354
0.23888055166044625,-0.16789775326495085
0.4452535404476009,0.7216412344362481
-0.6795669909503238,0.40595553779068194
0.13384993057406974,0.27855370147139763
0.8414625777913062,0.41153378054707995
0.9615862243325021,0.3051232805664179
1.8486376834456941,0.19302752841037157
-0.82209595928594,0.25022672101317966
0.4532379842125268,0.8590009237075299
1.4600925681678565,-0.4789435885343259
-0.592340757188563,0.9495627061017841
-0.781756482128996,0.602176247961534
1.608021235874266,-0.5735159908672883
0.9051935454727327,0.7028124676474633
0.8239141869026683,-0.5363339453215189
0.8987434166676534,0.4060030947121754
2.046990157306212,0.6361675457090076
0.6786935761139798,-0.5721377796925238
1.8982416172410421,0.10597173609269095
1.2901668484284419,-0.30903399092526507
0.45950679074305295,0.11460020955583086
0.7087078374016904,-0.28767513426811586
1.8589449137372442,-0.04329341900088447
-0.6698593659985148,1.0213596991964065
1.6746393849259986,0.12640891963829085
-0.8689408001125771,0.12027712418054579
-0.8494921158630847,0.11117363622469195
1.0933317746102769,0.16422691336746925
1.4853668701928153,-0.30016869997249085
1.0671002489020935,-0.5499838860780266
0.47304693354198213,0.9973132392489913
-0.5341215706642228,0.5605291369147726
0.6736627584836173,-0.17710759125313644
0.4983239535785495,0.7198390154365044
-0.5329587342665774,0.9492180198554985
-0.3029674936595397,0.789939736659917
-0.6864743300200257,0.09555080858007478
-0.957572700084762,0.47183018844265784
1.1519618180834121,0.5227318992322743
0.20987733593716254,0.046525561301913584
0.5335097224259296,0.9335970483684622
-0.3396486970318349,0.17624599784670014
-0.8458619125572939,0.29848459654009224
-0.9356500299479689,0.08229818828115498
2.1745498451354592,0.32405171053823567
-0.9823901391420004,0.386407985205742
-0.9811591950991596,0.17508826395464427
-0.5475382715447106,0.7031487268597669
0.6104151905970294,0.7191768604368463
1.8665038950933575,-0.2561794497933833
0.452650017714857,-0.326411985476478
0.917054359598326,0.5997266513382958
0.01154597764082437,0.3868260009485191
-1.076866199160527,0.005115225297602891
-0.9099584885246798,0.364688297465392
-0.43698407696848107,0.6795822794854718
-0.1255379483634165,0.9559227870710059
0.7386141410307155,-0.511052463555151
1.6928212458436032,-0.14017605771811598
-0.17065272503727824,0.8558968883501893
0.6373168284082061,0.4192001909334244
1.7049553161392001,-0.18100819496811896
-1.0330915985689848,0.20310555044642925
0.20933460306480245,0.9878665954394167
1.0440292458041882,0.21371637870092408
-0.0619496733215151,0.3609952536729034
1.0125793177443607,-0.6271147220869226
0.9680293747809915,0.20325673529290111
0.19651166666482922,1.01329405378088
1.8417363472461283,0.3233161001684686
0.12316756933718101,0.8468896070681982
1.8848875778324758,-0.20395996047687232
-0.5175268820809784,0.7379051497358174
0.8807684012918591,-0.5489646187473716
1.9025593472217042,0.012922271068942018
0.6712629738715601,-0.3559075489914935
0.4392332590531865,1.1085249010134546
-0.09514085134293808,1.041190395545024
0.9064504373618338,0.2418347132274788
0.295751215707179,1.0680692012071513
-0.2516967651608826,0.7589055546371515
0.9214417667613847,-0.241881969156176
1.791733062505683,-0.3057544609098338
0.5230987872241842,-0.3398790949416121
1.1833556162723224,-0.5371880543393006
0.23704791435325342,0.3866351258050174
-0.8822144419878086,0.4886720309608905
2.137972977553075,0.22092611908850668
-0.6660706167721777,0.023296787792298497
0.5580220318695973,-0.601276252325847
-0.2730031377144775,0.6939860589118088
0.934457536125804,0.2672634738683707
0.9635348622812964,-0.6242434757339116
0.6889264897910495,-0.5563925779541854
-0.9934688096268971,0.5369013350110389
0.07863276868038904,1.0027652457097675
-0.23350113829847377,0.8322959231368792
0.6024977313536585,-0.4916615497753084
-0.6316883670796483,0.6174101098438088
0.6214871292634003,-0.38172463605054274
-0.5206271654368569,1.0369625832335934
0.6634827771806747,0.7521802680035733
-1.097363051661845,0.10372907194916128
0.4148396409305072,-0.06215511295469264
1.858238920102421,0.26842712792097184
0.6488980460892445,0.18552549400988594
0.9870406504080455,-0.007875217265406353
1.6718552338054464,-0.1833633306766064
2.0223670651633756,0.26583493582735096
0.5806028628996173,0.08230164327254391
-0.09102483199602224,0.5655082557002964
-0.29269996891259986,-0.04886774901318777
-0.03556315640005092,0.41693170345571995
1.8400736041420693,0.11709973477651958
0.5514393676147485,-0.7023848846956997
1.1105139939017283,-0.4676793986572709
0.9461698172167481,1.0821117178649233
-0.9614071452862052,1.019671823125834
0.5690690702630604,0.8338129745755452
0.19958058486129873,-0.17208497100392353
1.1892554193717688,-0.41209499991117415
1.7204228075284433,0.294313160235956
1.36801097490281,-0.5721295285250876
0.5105924650901084,-0.21806738024750336
-0.8483623132237328,0.6941434694044692
-0.985707612278279,0.595882811290591
0.5614337977750216,1.1659301916468174
1.9587449826422292,0.4281987379495167
-0.2082487651641354,1.1692086139539863
-1.0747606164173078,0.36677087333190306
-1.0265899953404785,0.06263768535431272
1.9774143327606644,0.27067344332947985
0.8836683431674565,-0.4628906679746871
1.5205069027204243,-0.31106924188236706
0.5874495996380351,-0.40811302936212035
1.7501513158361666,0.17493454740300207
1.041335684410226,0.6356653824680543
0.039539359034323374,0.9570637952933327
0.13567103269973352,0.8654595136681774
0.6741933530258272,-0.449802302700659
0.5960719692801236,0.8374499378847668
0.17103234249065638,-0.15159087076115982
1.7433840292070737,-0.6314733127982975
0.8387117771300625,-0.7356529332262907
-0.6580282091579048,0.6608544675462559
0.13357648730351976,0.37728088322257647
-0.1422138635048439,0.7463814406302927
2.040407395943276,0.029823625762762006
2.1603467304992052,0.19301464121333514
1.7685397441277526,-0.04289565486285045
-1.040434800614005,0.11775823796503657
2.1593311781334346,0.24281377369987966
0.12914671398030936,0.03140072243478026
0.24046424885637407,0.8985654346144009
-3.358887367665986e-05,-0.21126044368041771
0.33503275900798546,1.1395766971846713
1.697981224338573,-0.31176506991200936
0.7591158660126021,-0.5295665242888943
1.7492491256891622,-0.21443448083061195
0.9048411614048588,0.6922141176036211
1.1091618650373103,0.08103644210247066
1.7255321689039222,0.12843829083199773
0.8404569271810675,0.526210784094612
-0.6225400901094025,1.253257174035047
0.24580193476597775,0.399663103025808
0.6947563784965274,0.6976967456370157
0.44961391088766833,-0.4015392493951539
1.1905920056869281,-0.6746554769557165
-0.9027594429745122,0.2800400911509145
-0.8024216972071371,0.7273798442764208
0.6264848099261455,1.0083651473614257
-0.8000544713903515,0.2680383009676771
-0.8421684017481403,0.17119072414322684
1.9710508064168157,-0.15896266297348702
0.8932566045981688,0.6193490104005428
-1.1380285924001656,0.1176353130908234
1.7854742142092872,0.1680618838392626
-0.38293851098572407,0.5630853872235928
0.4699572686416375,0.9259412923728604
1.263278378527997,-0.5660038072631466
1.757888736838511,0.10015285549634195
-0.12950771507301095,-0.0865963050235028
-0.15436761398362792,1.0505085259884595
0.8295042471418076,0.42849680781241056
1.299146801298524,-0.3389289585520209
-0.030870993481079412,0.8477535403120641
0.7708341552009847,0.7146237567577988
-0.6977763379704338,0.7885734000210131
-0.9283376879092575,0.5898603028888367
1.7234154970388553,-0.2515177847343365
-0.08773741057365093,0.5116210767173913
0.3879638175616421,0.6522832025665672
0.6954879696622825,0.8027355223912319
1.8050715255194345,0.00835581920588116
0.38381367432186964,0.7013049837096748
0.27736869224187444,-0.3513783534453919
2.2458563967232297,0.2024833656041315
0.9135791453979021,0.10919582630611613
1.722972393281339,0.011627539174233897
-0.5769249552496125,0.7310614069885409
-0.013607535953313927,0.39230132504962634
0.5942298473675103,0.6185909722787871
0.44926192079177846,0.9853058315401434
-0.19529598341119742,1.0773146940235316
-1.1765420735947163,0.42127768528815446
-0.9696309018552629,0.2510679681794346
-0.12096130796666288,1.2726487165839675
-0.20944349670767282,1.0284233854717173
1.6645462474209878,-0.31432629219345604
0.30860362238490846,0.030616052560786665
1.4888673475784926,-0.2884299640992941
-0.9143425500550106,0.5092941704421325
0.9914672248154266,0.19227969069494624
0.08525087000121023,-0.2614124357326891
-0.038741326927051234,-0.02883076536391399
0.08785731979768395,1.0577232152862028
0.4027348942127272,1.0384646300787232
1.156135084989946,0.10325468450882413
0.7466168560894619,0.729766202480809
0.5094675736965485,-0.2947922503412055
0.09860198696433925,1.1494558637603136
0.6443400443600581,0.711338982860154
0.7985173225913379,0.20819607105480856
-0.06566328721625862,0.7106094957391951
0.5498609099710257,0.6471942544666968
-0.9951108352390109,0.13088350391866901
0.1445457164789743,0.13155905078660438
0.8096127108980696,-0.6002828200769144
2.0736436168608474,0.3479044007954402
-0.953108465080795,0.3820831850172203
0.8201817675503946,-0.5210399553593381
1.4432780210965808,-0.2747889356378288
1.7091496686685805,0.6035431124002737
-0.47541956279306524,0.8120558982284016
0.19686479742645663,-0.11906433101358396
0.2911417976055952,1.0588634823658025
-0.5602721818447408,0.8905319756704708
1.1537388242241708,-0.6531137968343387
0.3062240287347744,0.9318000458174145
-0.16580715499407606,0.6370826216865269
1.9787343825835126,0.2966080302033326
-0.3109331540376088,0.9972185335105154
0.033386348028588406,-0.11632757991027973
-0.007471002789463138,0.23069168589613456
0.8821407284524312,0.599371618372618
-0.3691205868808835,0.08408796186219339
0.3387815071869396,-0.6075549306050729
0.2661913998219042,-0.31993953819083054
1.1778342801516544,0.25304338249143954
0.9061777039956855,0.143787693858007
0.830343668362988,0.3333329550824326
-0.2876854345920884,0.7306453497050528
-0.8887550792560374,0.5810745997496622
0.880352504907668,-0.5568509949473813
0.8226249409219899,0.3553677980693516
1.2860016450449565,-0.2589007136012917
1.2914272300411744,-0.5099986615452694
1.5977791781242259,-0.15071717480273583
1.9869316068196148,0.03574174171840305
1.38502190822737,-0.39288037038028595
-0.06475768917539215,0.01285860589396206
0.3020225113907907,1.1075482954854021
1.1639789662176763,-0.3050990242114011
2.0464623842905914,0.36540938831666675
-0.058112242489777505,0.5251762220738176
0.3466946936861518,0.31315151213231923
0.19038589221977903,-0.5970746465724266
0.6679704500328691,-0.6809906873286549
1.607184261998398,-0.18299397027914652
-0.4694977791542366,0.9314102172952273
0.44667700399591226,1.1024095755890446
0.8279784643915082,0.13823611272895625
0.8804985717519029,0.2093346962549007
0.9366934796982466,-0.4124441568244003
0.09741916429568226,0.8200803100505772
2.1184579298269632,0.23257647457244923
1.0954228740539735,0.439369319079828
-0.6703990873621852,0.8279725423374916
0.4716228735660224,0.9214690837873343
-0.7918384259508493,0.8866970657893406
-0.17601323547904135,1.0286106145899083
1.0423203736882858,-0.1261696172088848
-0.9430107429533592,0.7655185952948709
0.12875107027462024,0.34066402019715214
0.4291211710015582,0.5668327191984209
0.8284691945992956,0.43397796769109964
1.544943374980651,-0.14745800017951727
1.096070653091808,0.13896464065742772
0.48351740923946385,1.0307640014485042
0.03257629261995209,0.684373872596165
0.4824563426574106,0.8393112708378342
0.7580075425070961,0.7366400180687448
1.828182594717432,-0.2575663112038936
0.1270474259598566,-0.19916473097895737
-0.7069165597315896,0.6481700089620054
1.3644765259370597,-0.30451244213084006
1.3116831160736213,-0.44432016458830004
1.3813944934394577,-0.4648899454030453
0.10417611350352786,1.2127208502287294
0.7097384731716281,0.673456325270363
-0.5746285105453952,1.074431682909984
1.1233958673646236,-0.20853925880082635
-0.236902406167059,0.937754770902545
2.0181290260324545,0.4155882947862141
-0.3521140702033899,0.8165530831523748
0.621357283717127,-0.25149727579890796
-0.11048598566438253,0.4727005494233842
0.5987377872305608,-0.2967465626057364
0.9941915566981536,0.27067531904322323
0.1937065479378849,-0.23144334560949104
0.6355817566239317,0.41676491289949
-0.7342239833662787,1.0915383780487886
0.587227271330093,0.7393241654090481
-0.031683007933503274,0.10887065621740465
0.6403792135758747,0.530796984981754
0.2714705733222368,0.15895946944485898
-0.04312100595467386,-0.16808989292565815
-0.6364577140664425,0.3181783054072014
0.8945577760374843,-0.3271180078415521
0.9915464675074982,0.19837453401421534
1.0237839918485483,-0.022167613710418005
1.0888522410366133,0.5422522173341376
0.8809841779276489,0.6526682455779793
1.250837554284598,0.1627514612733281
-0.3198789265848909,1.0572018026486294
1.2901298225999926,0.06000216220463006
1.6320222228646357,-0.16490673585783094
1.1407344198333882,-0.6362098168200329
1.007206065074498,0.8922494729341679
0.938039560910168,0.2820139687460669
-1.1833033702983466,0.34801245857204616
-0.6374795527847869,0.6671717826082052
0.914713269022958,0.31489557471558527
0.8046960204188464,0.3741462534156239
2.1362302075467556,0.22727033255567836
1.3654936664739812,-0.40578975212477675
0.07980274384216157,0.7901769313246175
1.3005632963741485,-0.38520895475102573
-0.9233167632245214,0.319748693802411
0.9742861501665624,0.4595071271625844
0.5570320866152185,0.8877047649885563
0.02274504658063914,1.230150706663244
1.0029251945946345,-0.26037324886614993
-0.8014551286838605,0.4084710306459578
0.13427343894699423,-0.1670454351690916
1.018082586013026,0.3119043520444079
1.907587542385047,0.39348318658914844
-0.667562448918897,0.41450521111450617
0.3733885155679869,-0.3656423085760593
0.7759951995969969,0.06218928650889588
-0.06455704013073252,0.775543831947018
0.8666917269352502,0.5236047413714253
1.714710626959234,-0.08178700505401275
0.31882417244254907,-0.15157144140852538
-0.9793494660423978,0.07268399684523871
1.8347863628833367,-0.01576819882590752
1.2584550415030056,-0.5132718688137023
1.3279651202574922,-0.5737376421908915
-0.658987771802896,0.5689535054536745
-0.6747471619146312,0.21002448007066038
0.37538336777645565,1.0932016171177275
0.9050185915164675,0.5889668036781294
0.8980067829406166,-0.4880696348184791
0.7969726375633401,0.7652651056864316
-0.06856465882026322,-0.17517652097674336
0.9219764244434806,0.3483388889956611
1.6245697784630397,-0.6523365967406787
-0.44310289144671455,1.0781768575561694
1.0494900235682578,0.6447774536683589
0.9248942707237808,-0.4034002261836387
2.029198645114112,0.4694501807570628
1.0220222863474446,-0.0885179495074056
1.0969304906492097,0.12251684938153437
0.8520977311261191,-0.18639034135987703
1.4014808428201389,-0.4249101538196196
0.4599799146358625,0.8621048993256815
-0.7119598717084964,0.7549931859676611
1.9528547541005785,-0.031407082115440285
0.8611113275113536,-0.578311356339601
0.9088968350181683,-0.011583156783456835
0.6822828917159257,-0.36159931619411256
-0.2163836362751474,0.34728610390263903
0.09500788143840933,0.3745400123970284
0.30873129046465975,0.012825907138573484
1.0369175549935175,0.45695393983072263
0.4611903647612115,-0.30153498233802556
-0.18611731406237697,0.9832316895326705
2.0553602688167976,0.06266775176539904
-0.1828014185681026,0.39975339125331977
-0.7298820214527569,0.5673751887846487
2.0072899040545202,0.5723935526378257
0.46756508575748423,-0.4422254891616354
1.2337297934612568,-0.588872925030003
0.9056884150976967,-0.5613884863064273
0.2241813742970017,0.7669708518022776
1.636792150481439,-0.3389038730878955
-0.031519183861541344,0.0020826867175803288
0.682499005715536,-0.433266383971903
0.9498161463347531,0.1455051915865094
-0.3043129401415621,1.1139824157410496
0.44928379569635507,-0.16517125773802638
-0.8293317844589578,0.31708774463048917
0.9192792563916194,0.2135299462526912
-0.9632217326419843,0.413188734069821
0.5417112236333802,-0.4078714983650745
0.7718580339480918,0.48610267597920326
0.7902744535298087,0.24766097307962384
0.18472023357337525,-0.08906519488451459
0.560438174183232,1.1298642992746515
0.7072625360006043,-0.8593813464102443
0.04386221414349687,0.05851352279337981
1.7040350683097094,-0.09487931953311515
1.2122340865289252,-0.40011135261303926
1.1751137621553633,-0.6891295157941282
0.2902726789684529,-0.28269082215529007
1.074029385222819,-0.051998648802030756
0.2348674777536202,1.2776893994658234
-0.48737143509266745,0.7854216146420689
0.6678641309923237,0.6651831547415576
-0.7559762171148156,0.26559171275184074
0.3473255842286712,0.9479089259919217
-1.0345993593590999,0.07641128829135707
-0.9238686584828387,0.22452410018594524
1.6721946621182715,-0.382163238720919
0.43766815620352095,-0.29807198036414867
0.38070397304113907,0.7301494911805744
0.40218338974444695,-0.177276345955997
1.6091182066477283,-0.1214379998046292
0.3282705759627632,-0.33660238169443424
-0.9162877692150585,-0.24541332776764246
-0.14956680912151307,1.2443638292108559
-0.7712181543127734,0.5534460964608429
1.8611016135843261,0.35577520427965525
-1.1910898849792668,0.2427101794219024
-0.4407682070444352,1.025157539858712
-0.13941261408199745,0.8064370622758174
0.5075834024210495,0.14833232375642164
-0.48007634450398007,0.6913868328831201
0.6609887663181554,-0.4674541104283058
0.6709426963595864,-0.20787540320197742
0.23408568027161133,-0.10195502448233298
0.21122254920883157,0.4496373026336707
0.49335674250856304,1.1406701919446534
-0.6694579830657543,0.8590749186538955
1.0003867030339246,-0.7319653539618527
0.4852829993286066,1.2779945282836083
-1.2709525740597916,0.09561974619474783
-0.6819543140572233,0.6466817275440697
-0.6916894920720533,0.5431910771154655
0.0409691400021723,0.276641691905111
-1.3243326556541226,0.2702598557637007
1.2207277361982856,-0.48928427325102825
0.9919200000347069,-0.33795126429734723
1.1074850280397843,-0.36166790615863553
0.925507108442669,-0.3027562144356718
1.481394361577771,-0.37215325400506377
0.10740496087057258,-0.16904890728576913
1.446849591634311,-0.4162449840863617
1.584244302186514,-0.36759771867138824
0.5817039998215229,0.023820885935581432
-0.648369034669753,0.16743579791799626
0.9799866681527694,0.05186044197323589
0.038397495340123586,-0.15262233775329884
-0.649550210446702,0.4900745263555423
0.5357139556169634,-0.19037233420763972
-0.1680089311229332,0.636140197384729
1.2877822863322694,-0.3231315148901569
0.8379708569675063,0.3293616716289499
0.9642228373777876,0.3720405515614612
-0.028229832857598017,-0.03404403008981312
-0.6710663415465308,0.20616813425531524
1.6655141046744286,-0.45498571621590916
-0.9676816230108073,0.6879432740188122
0.01559205468925709,-0.1855962331240073
-0.009046734279927046,1.0166057620427567
1.733082255236274,-0.09061295588925843
0.565328263924989,0.9973879062275034
0.20152664238747708,0.8943514345781185
0.18206121705349423,0.5587950135536792
-1.151907268277902,0.37695178053720146
-1.1555970546266474,0.5192451632621701
2.2285854711855295,0.027643042008815066
-0.04817859360175776,1.111637887014619
0.6759430286965258,-0.5906132261895936
0.9251164681059566,-0.5815450138491249
1.2181038841797587,-0.35570769185003515
-0.3981679880218326,0.9272150338529146
0.806379931189811,0.5704124575311559
0.08922322962813267,0.11706364511197265
0.918328561599727,0.09183046257924218
-0.7705775192757978,0.7776994847075279
0.8385645558333628,0.11215591576853107
2.019237820139635,0.33508602491094347
0.31813364150945567,-0.16560446959938774
-0.8637211155948117,0.4627594339646463
0.6165123263570658,-0.5167739105698896
1.9631680584052893,0.2155576739135236
0.04353940219900039,-0.10128083902788448
0.14053600352560677,0.3635191195769259
1.720063327702843,-0.24231254060511964
2.0477017742953905,0.41827943628811665
0.18048264286004692,0.8113185404422643
0.5960286793287157,0.9623431791004479
0.14841149618679728,-0.006563478573388605
1.1505444919908965,0.2187862154153288
0.05249077966936172,-0.007639877029234479
0.6794857722193509,-0.43954064259778414
1.85668639373181,-0.056184208721861584
-0.8068597857816486,0.15644312634446778
0.6941358395186162,0.44776355557281317
0.7309759958339688,-0.27085893995372934
0.27630303294457226,-0.20821924124066207
0.6729354228158684,-0.17458033978032395
1.5407058243875031,-0.4597318643040225
-0.882802653553367,0.39611199656154295
0.20945629153864348,1.1582480134689637
-0.8587257259376252,0.0968909213888422
-0.0395969884501496,0.24956024893687925
0.14502829846723161,0.36613005703134094
-0.11192947826325444,1.1802730210595604
-0.846220699615851,0.5798989615765113
-0.49634848239689017,0.9259698960448091
0.6625629834683426,0.8740616211709743
-0.6041171896608807,0.7503231031245299
1.7840153239971122,0.26804241472405643
1.4468760443705442,-0.7343279433683912
0.26983540865179934,0.005140214261134098
1.390696449706206,-0.14921629294159594
0.7375793957333823,-0.48789675983193076
1.5396341002300298,-0.16521317156515758
-1.2248856974488604,-0.06496886777644115
0.11501953569215737,-0.0235315110693433
0.09534969974268152,0.4574782662208161
0.762922816206288,-0.014281784703273903
1.2619559284409614,-0.6153113876138049
-0.516525557356671,0.9986474372553998
0.25373820402799324,-0.01966966240579745
0.07732987414090582,-0.04418904680346487
-0.9974125621493422,0.13389617775119117
-1.0938614371030566,0.24099049791716703
0.05962272389305236,0.37483414908108637
0.4033342217241662,-0.42156268745137726
1.4394846861525497,-0.11601611010373102
1.0468777957287887,-0.7070002432537117
-1.0232052883192062,0.4031791359328582
1.704176958689651,-0.4236712883383684
-0.996054417746788,0.1562687250144829
-0.6568801849142564,1.0465031027235052
-0.5902793023057707,0.7717218820020446
0.19091015438681894,0.9881169151314931
0.5527681283556731,0.8615655189839947
1.0061790624922522,0.236316683754301
1.3289873194693522,-0.1843018060262157
0.2733535894668969,0.9018696274071127
0.4730156966009399,0.8718513639770714
0.7334031572009059,0.4116900850092777
-0.25695052850106903,0.43903606822710733
1.4000485524439399,-0.42234010632220365
0.38383493777926664,-0.4653182368030853
0.6104387239502539,-0.4792201628065588
-0.4522148658881886,0.779406094582791
1.0513126530540442,0.10807185527679138
0.4502951565276354,-0.4349104956736771
-0.8941422038400916,0.5843404341887973
1.0549111273828038,-0.5613169705615413
1.9670539934320146,0.09250319001289956
0.6427643389896976,0.7182125370333231
0.9689482467368943,0.1447828743901991
1.8481494072907538,0.2722161113691015
-0.6973484235103984,0.6322055323439298
1.8069628721154998,0.3797654449526609
0.692433695009287,-0.4077655833775436
-0.9924006637966384,-0.22614658742092333
1.3212052337282305,-0.3532080498357778
-0.8307326981247607,0.7947040575359271
0.6964966027280504,0.5798251232776431
-1.1581953263698046,-0.020032413413294398
0.0789472491241547,0.9720986566282063
-0.5839592375994221,0.6739245539999275
-0.7905874710816592,0.7231971300502992
1.8164559819365644,-0.04039093150482601
1.2162654382635076,-0.2727404463523714
-0.8347367936707356,0.8258802830609628
0.448988937064407,1.0345167231489678
0.016735460379028747,0.11742649452592648
-0.6985797202747823,0.30683847319232815
1.279236020227101,-0.46494216440635505
-0.1725730882253275,0.9906019090169806
0.7912172962148556,0.30432389504359497
0.16439166842772096,0.860065228723011
2.10792157818792,0.017996646231399682
-0.7542359534345184,0.21843668985532014
-0.15911271795809437,0.8770460629310638
1.9452418390716324,0.03304916643616776
0.8823887833443823,0.350290111525547
-0.6949494088699207,0.2911362801587116
1.0064580626735264,-0.5208152550730246
1.7575673779471255,0.33368230986344916
-0.8239947140685732,0.669410509675814
-0.06307531719374943,0.8815880986177629
0.35254929433614746,-0.29534527115673054
0.42259445773930226,-0.46244297644544413
1.0473304531948346,0.28262780308566005
0.34074700949711445,1.096914978957099
0.4184625733750592,0.8026868014775566
-0.14314340376007958,0.0723955494585222
0.06412295054171441,0.11361033339664314
1.8378390759507643,-0.18223341656037856
-0.7937817935236673,0.7964168832553528
1.7584503438959702,-0.17463490233080808
1.6483600050982132,-0.013687475326577547
-0.5708884806346722,0.9080717750303099
-1.223051813488404,0.4244805838784836
0.8990335272244205,0.6068789605662417
-0.8430646512380475,0.408639041505465
1.1152121678741997,-0.7581465300207297
0.6318449193694009,0.8732879578427932
0.7035614807608837,0.9757353569466666
1.9940386245030373,0.18847055244764466
-0.07590636616925212,0.35815343158849977
0.2016362987847377,0.8574285733584877
0.7836091816499867,-0.4369430898261646
0.1999271645748639,0.24182417922306362
-0.659661862253656,0.5536928404134709
1.4875529858973369,-0.18151653006537927
-0.5813254631997442,0.5537607755662283
0.05975144162405782,-0.21249577700261063
0.18382354640119716,-0.013648676500722892
1.0404130587406888,-0.5036939966734593
2.27705992447794,0.4833406413169273
-0.11952432852791323,0.7559800853308373
0.9582087980620975,0.018671002783114107
0.5801543043528317,0.9692665941333463
0.17910331285883904,-0.23919463949623426
0.5446692730505104,-0.10193717840751862
1.676049184348608,-0.22565510231181807
0.48982934160923935,0.935068076046671
0.40117811280429955,0.776971265739545
0.030823216984629538,0.8806442906369005
0.8329292913284976,0.8151969313901752
-1.0514982418877157,-0.08532750151194951
0.18232371411171738,-0.01773163863712396
1.3794752119879417,-0.3900781965571624
-0.041400747858563236,0.2735601767552147
2.0649578793638135,0.21826796436624843
1.2851518778442594,0.3738852715253992
-0.08678080212962652,0.3831369675023299
0.010189650938825649,0.24571664545209215
0.20908577801418446,0.2426658593875572
1.8547420891902278,0.5194352334567609
0.4409252230426994,-0.20875570470802984
-0.6705920467670806,0.869540485647941
1.9039147717517961,-0.29835068405523574
-0.697664231581315,0.2030307413642791
0.8268863898042005,0.29745386189892065
0.10020693654140628,0.20668063530537614
1.6876676572950118,-0.24433618395960438
2.075916369714572,0.7108064215927028
-0.7045345986710287,0.45598040943017093
-0.04607168962583044,1.2142201374253618
-0.12435008152597327,0.6335990877691042
0.25055596186568635,-0.43069848739456335
0.48329427187493645,-0.3824713673790479
1.7857909789024669,-0.48378573317038875
0.0626716950009451,-0.30021765222756636
-0.25702407104243913,1.111892410372176
-0.4957844169831399,0.9868142241001016
-0.21496659517118188,0.022934975257177297
0.31571506260841803,0.18854707189015035
-0.9418552307686259,0.5785158738654109
-0.036596563833464164,1.0701220440725903
-0.6126270746011199,1.002046418250083
1.5644083155174844,0.16268013176684076
1.7126352637391231,-0.023384658005529857
1.1459924356733011,-0.7006151738022265
-0.0385412418045806,0.07539125498723359
-0.8035353447543686,0.5240735321000611
0.8620737965421229,0.46117788798812503
-0.7638955237991156,0.7141599549686879
1.8893671977522593,-0.5394113764961317
-0.24550935666969764,0.36556038833466586
-0.9638642179702067,0.45905740480687984
0.813618204042595,0.3265800907100921
-0.23274233314176068,1.0016375809025249
2.087772815098355,0.002269375557053116
-0.5860065861087143,0.48471790466922166
0.27755822815300335,1.0604714797538621
0.742924936883635,0.7132751988852334
-0.4730942459560786,0.7794670813383089
-0.9491010059104618,0.3147889271468971
-1.0914294782302685,0.573265341921654
-0.773935862280653,0.34389694720996716
1.0946603677666595,0.5663520977388412
0.5969489583662729,-0.3629158321844265
1.498988025910098,-0.26544721635137725
-0.9306428129991882,0.05438159642989698
-1.0790742049627542,0.40818353000158786
-0.5385690678212953,0.7196679011989702
0.37222362090068983,-0.1710838813462782
2.1124850359135565,0.5418901757324788
0.8572842766040407,0.06035676855857222
-0.14870999766645754,0.3956338865413844
1.6747932039356253,-0.21841719336450882
0.498653121762107,0.8940459331615348
1.3026243132707898,-0.5819201163160622
1.6314300393087149,-0.028528720830487606
0.10985271861196769,1.0012278749913222
-0.05444772049201822,0.19259203757218074
-0.029077962247501477,0.21437174984201712
-0.7779649594450792,0.3829649926219774
2.04347644448057,-0.39768823114318663
0.7734671438193235,0.7832431915611896
0.7184697783504195,-0.3999048017062238
1.3507719562305,-0.5418004208625318
0.3886508707434868,1.0459620767314328
0.8751947714745827,0.48484096742052657
0.291580146783307,-0.10359246651462728
0.30539583152932287,-0.20933620831267713
-0.2519709736717172,0.9835228995108035
0.7626304519031029,0.03976420770549245
1.3670106363932768,-0.35347345840799527
-0.6629593619962642,0.7933402707819259
-0.9109468930978613,0.7021251791151891
0.594174516698143,-0.3919355915850577
0.2365883842997668,0.029581158146775297
0.3670078604221412,-0.22820688270249798
0.3370830636889472,0.9397986341140415
-1.0325306819249351,-0.19556261726637963
-0.5324068088027198,0.7297659287424969
0.21966398521975045,0.9298751124317796
0.10751214472991696,1.0304866391720748
0.5811283611530188,0.6805388006289834
0.8661023856797513,0.32952321763590664
-0.6584747596591967,1.0847820467743705
0.9574896916067223,0.11018690196402563
-0.7932803081222508,0.49111474090254936
1.7514401661294363,-0.1986118847012571
-0.8656363403586487,0.5655969194756305
2.030133210994845,0.057464618204996404
0.37963617741456335,1.20374347215613
-0.9121021638264177,0.2926345141545673
-0.34549113063534853,0.5984450686160082
-0.6680373586057218,0.6731608539369796
1.8784877263469053,0.24220367530866946
0.00988667888429569,0.4754262863581872
0.20242345342855458,-0.19778657030236446
0.8661148470836812,0.6638962168072913
0.8194021417470303,-0.5373336542442746
-0.01877564808036951,0.1237765059364669
-0.7780831943061054,0.6977442321568309
1.6505059699321494,-0.49849715162706904
-0.031902339862144545,1.1185276679006415
0.8403995278352214,0.42862222141677486
-0.8449118894815332,0.012419824647335279
-1.1278581407008166,0.41907519271530214
0.3687025354994973,-0.4743260594880707
-0.41080530949015254,0.9968514462813299
-0.5522152773575061,0.8806699091507533
1.464209090501886,-0.5327880099871942
-0.17507107632901847,0.8998288465845594
1.8323777724543242,0.12998273151336237
0.9267575401505527,0.10735644362512625
1.2736629832608677,0.28144221315001144
0.47331860296161443,-0.3952053603632165
0.42020286847347704,-0.22953538478109897
2.1878662873863166,0.038708671051415844
-1.332515548705434,0.1501096828360504
-0.8336204709886046,-0.1751327398576291
1.5428040204847888,0.47583319939038116
0.8632931653365535,0.39904619719852263
-0.053806191228579464,-0.06879221400173557
-0.9831774225179696,-0.07193590750122326
2.0645519382331528,-0.06612133740831244
1.343995270187042,-0.5502264062464646
-0.36713955370044243,0.8637312416073082
0.9637010510143154,0.2574041274883739
0.5912966813324279,0.8951636499446216
0.289503474122358,0.9276745325362724
1.6878357494858622,-0.5396474254586716
1.2533927675261598,-0.16399748254783897
1.9377783684965786,0.33180336967517254
1.7936731234010714,0.5528300755399366
0.22531754649738514,1.0614419131241124
2.040374877628055,0.45412984277134627
-0.21218278892073617,0.48804779961146194
-0.017794566447687732,1.0729430278302852
0.6461190965181267,0.29698927291427607
0.49330701592881077,-0.24403421232122263
0.40019436468980385,-0.08724145162866756
0.722449761315122,0.18410471032312425
1.022922581539887,-0.38897160597786773
0.029305561954929085,0.0440408571709969
2.020770084556728,0.7414945629118581
-0.07176172918904246,0.980699726702674
1.2851994407319896,-0.46069469787434714
-0.44662656228821684,0.7145852027589034
1.4195757449737887,-0.2678090867317706
-0.12362482193516452,0.6539599083038323
1.4753111368139478,-0.5054116247502675
1.1637956574787984,-0.5429190071274893
-0.8781716947382522,0.08169423534151579
1.9229626939736884,0.21141281686847663
0.6730771379065168,0.4777172324145276
-0.9731176797092935,0.7327797595562429
1.3675791343504609,-0.5004715851009385
0.5561601457000764,0.4880254748622693
0.6933894576010609,0.0664799940579767
1.661944564030836,-0.3044817571836934
0.1850645739804772,1.0353425118479502
2.301146104393357,0.11352255927796817
0.8304098933134548,-0.29318844346750683
0.6348462902114882,0.6899789667238005
0.9245933703413007,0.14394620118804105
-0.4801809944232497,0.7985034137812014
0.08628754756325252,0.29441227008188436
0.46359312094927096,-0.4807598719358745
0.2767587189625913,0.7663285520455654
1.4107963365651794,-0.30335602116369936
1.8472426946568394,0.28065964508054964
-0.6196001899680739,0.6262992716871714
1.735941925862356,0.13437747843507802
-0.620860126618692,0.6656276794083712
1.5251148574044444,-0.17510971650992774
0.19639251078407596,-0.20278813764416398
0.12757424573471213,-0.23853116437537514
0.8115918335659726,-0.4073857139841923
1.0249762521001702,-0.34537423392909194
1.3006247885554147,-0.2136135637365844
0.436152302808469,-0.36005405182246997
1.846065414813451,-0.044407903617693006
-0.6274507423476343,0.42424620842118765
1.2053860386992554,-0.29205181290955795
0.7867339306433794,0.6172744954017864
-0.7359558000545572,0.07454272596533966
0.2684487273771442,-0.22518748855404894
-0.7341708479192248,0.5608991980273355
1.6112357571569391,-0.4383211081053595
-1.176464124989708,0.4498028096364448
-1.2731619329653268,0.21956004229814147
1.0290939481106685,0.48878899777956636
2.211089151694668,0.259130870137825
1.6659345021246328,-0.1410964289609779
-0.03697616680791844,0.7622272607198448
-0.052288327860788686,0.003984615709028416
-0.011983721862322883,-0.2005384586487579
1.5082010177725356,-0.5890046839019627
1.0086307918207953,0.42565462659595243
0.8635048094572435,-0.5339591867489619
0.9119720470716365,-0.382223752361865
-0.22256696518264116,0.8395383533286984
1.7890376072550305,0.015113736818207657
0.009926979904022096,0.37999781971546903
0.9072978590149038,0.17076153856973378
0.78848602873618,0.4907004280671182
0.03749747265016873,0.8723998639062406
1.8201595026192763,0.34200908102586747
0.9446691714119261,0.7028518043307308
1.5902294464269087,0.4820806524548109
0.11699037843849797,0.009210129002031123
1.9653943356378658,0.19032522883318756
0.8996562492037993,0.05484274549068717
-0.09015184109835045,0.39533359907411486
1.854595497473928,-0.0032098837331702434
0.039623593190559456,0.4002282621016136
0.22605268659570507,1.1118530676587208
0.7484940961881956,0.6343878116944854
0.6096990161391496,-0.5600652268696361
-1.0830995694060674,0.17364370417882213
1.8320732837285536,-0.10088426462459818
-0.8576958752055126,0.5263395916069891
1.163935794325804,-0.4029518896191399
1.9209164565284338,0.2850121722570682
-0.3959686342155796,0.8677841856601659
0.5481069891032966,1.0156981580874627
1.494381397077266,-0.31315848106979716
0.5205829083305219,0.35910617265278677
1.4405368972131731,-0.32053922087683895
0.5069926830618168,-0.6389791479932156
0.7551746497639558,-0.8141083447612216
1.096247439080156,0.2915025591271645
0.274683064633513,1.138143357251176
-0.5626880646840782,0.7340505407718545
2.0511268583367563,0.3199163204294814
1.9484450503063682,0.06788713173442612
-0.42531630361918565,0.6528460905881202
1.8040746988517706,-0.22219057270270592
-1.0581406876014918,0.32580540818562737
0.21217293893588593,0.9584644282577095
1.7791767172356414,0.017654878705440122
-0.06240360267536235,0.021268030259040206
0.9792205537377049,0.5452043919067705
1.3091651962065751,-0.4144446131253731
1.843437727140852,0.2935572108398224
0.37394197312235455,1.1778682334943265
-1.0642485304769747,0.06640545717853767
2.0997524154864444,0.1701715408555267
-0.2906687157387684,0.9201304756846291
0.43613563406328376,-0.620658316269534
-0.11819580300169823,1.0927274459315817
0.7224786854407499,-0.11267234961394873
0.9602214214576377,0.726559432983318
0.01795797527147938,-0.11944909819665453
0.3655253779000879,-0.08494076880148393
-0.31850527714106747,1.0004581836292672
0.9490564836729493,0.6272656101324298
-0.5167396300425587,0.7848377319317361
1.235151153194901,-0.41701097462622294
-1.067573809067576,0.1700597504207636
0.6049869094688636,0.738722682272988
1.2284198791440906,-0.37029083415377345
-1.0609719587328434,0.43976103587539606
0.6340781749437987,0.5298546128498169
0.6678042498282473,0.7097657429800224
1.9828756891995667,-0.02544669932115976
0.36713356882483367,0.8078091314308948
0.838901777940528,0.30551920450885617
0.3330033069507934,0.14565568690727532
0.6841553559337034,0.7548954835362724
0.556893880469306,-0.6721829993042111
-1.0137462896935756,0.2902997584833663
0.477857905839045,0.760668899173037
0.7787789623629043,-0.4250449296567401
1.8189670672254088,-0.15887651337648756
2.0515503819838026,0.1862412085890327
1.4291519409874698,-0.13587617678932437
1.842424840845093,-0.005889556639583349
0.08684663140324164,-0.09971596086177589
1.4237070841440516,-0.32217178167820876
0.8231656598885888,-0.6080807907198471
0.28212753701908205,1.0959086073826876
1.800753735650338,0.12387526727317083
-0.7208076498377698,0.6119925732186106
1.06957244461756,-0.3460735496773077
0.7641084372055497,0.5528848153136466
-0.4052378345557188,1.0444008578607564
1.0751197939680777,-0.12862633799357262
1.0499812495826824,0.24933540248319586
-0.5519704920381717,0.7659106763412958
1.9324827640366593,0.3538399358439878
-1.1446581152858073,0.44215408295547687
1.1770408344234986,-0.48257601063779715
1.4717267946355688,-0.3216282528485921
1.9213528019056365,0.1405213436984378
0.7838297856132118,-0.495313024040973
0.9282048397240864,-0.33387202721844866
1.2360775972409435,-0.6393794642608401
0.37839514787983747,-0.33770478304979024
1.6741311319860104,-0.011149939173527863
0.10228433380541445,1.08143629227324
0.9038937370386184,-0.24006662310197013
-0.04437856431956605,0.11813056947465847
1.7457747587062884,-0.36461865011350836
0.43479710219854545,-0.4052447585946475
2.1277463204081406,0.08735760863945637
1.312385279882319,-0.46058409436428444
1.6981299095578377,-0.4045593309704712
0.5708136282549404,-0.4817286231973559
-0.6683519197819365,1.1437854863564
1.784970332583351,0.13156645602758582
0.3406176796185549,-0.37072329163380446
1.7570052522470316,-0.03477211962517886
1.561325528643493,-0.1287541921961529
0.696150898153779,0.9776193286572892
-0.5191522606586225,0.7309494909823455
0.7034350246461298,-0.4494248163138534
1.017445535557085,-0.8236584257423103
-0.6134031784148759,0.8144270227135716
0.5972129433895661,-0.23881456162732556
0.4313839395371584,-0.07853494266746697
-1.0287915665950613,0.22542754835154824
-0.14503691395059742,1.1174430804437625
-0.5685458958425832,0.8763871878138086
0.3765824649240518,-0.24711439484563832
0.795132612235552,-0.577278375787037
0.7263865830014438,-0.7618757945480701
0.5053042831051812,-0.2800608151821879
1.997476648378636,0.3062874382816493
0.4743108037062893,-0.6421198896923901
0.9865020900130489,-0.5158122418249483
0.5387642780757685,-0.16052314954486047
0.9595373251936614,-0.3799305451214886
1.545245521172354,-0.1814760122848004
0.45816185440319107,-0.5070787108108779
2.1374553567014334,0.33318232550707616
1.7201867035276126,0.11278022822372565
1.4940659829878202,-0.27422941729132977
1.787474270158187,-0.39434820115162056
-0.7226997702438025,0.4153709828993305
-0.7443606025985448,0.472284487194693
0.12280907940932116,0.48156472488202773
1.8422157138141202,0.22615912064236612
-0.0811455732376805,1.226701812841656
-0.7491903356579562,0.8363027037069558
-0.4838185889828412,0.9360403407414769
0.020882474145773516,0.25788880104724454
0.33676970731362743,-0.14879147100362194
1.749507338867102,0.05820650414958106
0.11377811506715396,-0.18539676973153582
-0.04005732092451791,0.8766914157077587
0.2394572479514856,0.2730404873547228
-0.2118542749279771,0.9212030770862093
0.2881598856148345,-0.09659430212674269
1.4360673152816343,-0.0967421026865311
-0.8327472198749786,0.7152158033993778
1.9914785630649467,-0.19349944676302325
0.8552157036851694,-0.634477002296497
0.17214154721431263,0.8544146224394227
1.8280438413352091,-0.02379012903405517
1.0849206064290378,0.33202335255499715
-0.032717918699866025,0.3506837735052915
0.022288895061552877,0.8752036716970302
0.16971980476980794,-0.13826819137741442
-0.810223353406585,0.5805336594415904
-1.1264693048562213,0.34232830518632973
1.2924196072744791,-0.41594402373534667
1.7672388810820612,-0.20195577909604856
0.9226450369778108,-0.5285416256842271
-0.8663538251238064,0.5240253191813433
1.260258712663119,-0.5408173186513583
-0.14179826553025554,0.16400340160199287
0.8973441356238275,0.6901430176093597
0.4182613613221383,0.9241011813187728
-0.5882572068490675,0.5283178599754005
-0.7755473693951151,0.38882406850100965
0.22553010362974227,1.0373776796574594
-0.6819097949288709,0.7224427876343786
1.8912713372010586,0.017640988296047568
0.6319620809403186,-0.00974599184968436
0.1122981644966839,0.42883096531944703
1.9465756451750902,-0.028251659804830603
-0.42934578977176296,0.8557263967560577
1.9307398448116808,-0.30870365512376635
-0.3148588256200771,0.8647974148796119
1.9737831045637084,-0.17529272519290334
-1.1708330670853793,0.11485550125923966
1.062974058348202,-0.4045130601249688
-0.6075379301069328,0.9025992361343291
-0.6641940632246763,0.8431718131394487
0.7481326362472515,0.40855316576333384
-0.7399662796505592,0.649877605924026
1.7112303224686432,-0.14098874546236545
1.542481152403446,-0.4961258109337314
0.3106112125907139,0.7941639111210593
-0.13810090672921782,1.014641089831743
0.19041281694091391,0.24013204404070504
-0.019920976171760536,0.2637707700724748
-1.0560822186957846,0.2626037846009689
-0.9946607083543777,0.8300978472531213
0.708833803614336,0.6965794880165262
0.7220195141651948,0.5093596615226786
0.11362527661030891,0.39793538301333503
0.8429346495911997,0.16289025862000758
-0.17602975358896428,0.40865043774251486
0.9040445186114815,0.7813595288904793
1.044718644577213,-0.6453199525931078
1.8998993111083544,-0.09298943497919414
0.024809138045745138,1.0452835012439872
0.6135123055610014,0.9672153825690508
0.08920880443498408,0.4908299764178901
1.6263355386345923,-0.2676786349605701
0.08102118915123369,0.7955775296543277
0.12647942884689528,0.9121479201924184
1.180341412108427,-0.5950967706997572
-0.18655954798916163,-0.013233680833020255
-0.0034921441363244057,0.17285564806522297
0.968653028733279,-0.4602596310199034
-0.4699110486858978,0.7047362879389227
0.18501105058661782,-0.2524101006969744
0.28772172457909634,-0.3035615252399305
0.011630569347535466,0.9893134102671378
1.699302566343321,-0.02381085330757836
0.9404028261177538,-0.039476910061312404
1.7606218276826875,0.10741162281008138
1.2131268025986868,-0.018903110876400925
0.2694487691174644,-0.3234136538255026
0.11910284789631227,0.1795005525660733
0.06968518631705267,0.9625590115344324
0.5679987730816184,0.797891625703375
0.9261561311258883,0.512826734889637
-0.7607575323324706,0.648301889388798
0.6511847886443226,0.6261051524096415
-0.8029898116617878,0.6446355582552269
0.04110058995916917,0.38296797215015566
-0.7899478554715202,0.21380353553339834
0.6193829155243327,0.694295733953008
1.8440215573552718,-0.06179188073430497
-0.9234428191744362,0.7850210996781363
1.6340473267716686,-0.3236956809847351
0.8023059511867957,0.7021894515584192
1.5302234953901481,-0.247569050467325
0.10410403468596188,0.4284581417351148
0.5261653774889705,-0.1813209763670539
1.3820408637951234,-0.28485711167200456
0.8701407930616337,-0.427056416744414
-0.2542380510805711,1.372575709798857
2.0796094123845426,0.5128974483617565
-0.6599765813098386,0.8984269834155215
2.068134918709088,0.29439845177645896
0.6826356236087441,0.7273620853299483
-1.0712902026578606,-0.11133818091843975
0.7037410078953997,0.3882506403545104
0.8631627487781407,0.23224700013352967
1.2760478545735587,-0.4743603744425009
-0.6386344286320781,0.6723525697497257
0.766355916386029,1.1564251679114983
-0.7813145513169947,0.8389273434809755
0.9103714466069858,-0.6521707228347096
1.6839951290530972,0.09925277181993092
1.6989762128439214,0.04675481721285371
0.23022957720336984,0.31145165503227656
-0.33238484946056623,1.050165799017663
0.8261906318557504,-0.5343569171595073
-0.113585979197962,0.6754366062397754
0.03721321903887604,0.5168576910410911
0.6019582396182279,-0.6444139802254545
1.8615758226998467,0.16014344820735618
1.106014070088274,-0.4655470681137081
-0.20026906708393827,0.010739542945375574
0.8999341059743615,0.6915042122048071
0.935507870926683,-0.045947180990184064
-0.9160970546914465,0.5916026447461971
0.06995068897128896,1.1388796213638785
0.7735911150121888,-0.6614152545311904
0.9726161930530713,-0.6212454347901388
1.9181065040781593,0.6077203908789145
0.7864835894550727,-0.4175993586917854
0.7685438802704618,0.3139906055945705
0.7432035824738212,-0.4656204276787187
-0.7463279465798515,0.5092027320032336
0.04811235717201598,1.0252857683608194
0.6891434036554854,-0.2048379085463499
-0.6969101698131228,0.5700083197701618
0.659012292511068,0.7231677316951711
0.805580251046985,0.01938136213608268
0.7126766721792479,0.5076627312909839
-0.08063862175659378,1.1188278901055855
0.2774842591401523,1.0195774510769373
0.4058389827316623,-0.11949857510113798
1.0142129886678841,0.2886270627635401
-0.7894868497229511,0.4485929842423228
1.010447662838126,-0.046372495100990396
-0.1823582823721271,1.051748996670642
1.7696085679078695,-0.1740998136269783
0.9688761901288275,-0.4344673707485341
0.15102493687024604,0.22239019192127943
1.2079930345195942,-0.35055101217616835
-0.8146289144096949,0.2956847462596762
0.3029180014393163,-0.08539258490211915
1.2730439096874522,-0.3843108390596271
1.9031470442534053,0.03621216132985422
-0.21378469736258643,1.0271040336749377
1.8902758993942061,0.3142684914575628
-0.6943634208180558,1.000773171275388
-1.0354586091760605,0.34960862060455133
1.0578218268249784,0.5478178914293338
1.6701330838625226,-0.3832366722379024
-1.2179587731820651,-0.13067315915239724
-0.3802513029115928,0.826944851424786
1.0568683105662133,-0.8330619151688663
1.4224967166428202,-0.16528957220746307
0.010002374181274518,0.9773741060262296
0.11779059551402006,0.49034959452006177
0.046948516207249665,1.0071919105557445
1.2915035523099776,-0.10608452340364022
-1.215482100967072,0.5371765333727173
-0.719306213136482,0.7971080443586525
0.6034799927234139,0.7047475308022579
1.104531772508855,0.5329280237831966
0.6321383879745937,-0.4994560377240625
0.06345386744347338,0.9238883190012988
-0.10655821466721294,-0.09639240424884293
0.7563183201150311,0.571869016510008
-0.8331699527292358,0.21109356113530453
0.10985751086668602,-0.14699962245248302
0.5920902916901194,1.0459034775796918
-0.8182851796711892,0.5372797570978725
0.8162082728120788,-0.5575114509113851
0.7330117042313596,-0.19248558764705953
0.4958217998361222,0.9410404018781876
-0.7583187159497188,0.5515867197211798
0.46939038221896257,-0.6043579697890116
1.8923849678303295,-0.519799548011177
0.7627972460622896,0.3314841694259529
1.7492717614367037,-0.3289655324262956
-1.1054946039955607,0.5798948068339983
0.18353018701139634,0.20353597927969802
0.7875962116043806,-0.08834296163306216
1.2905707745146011,0.16718441943328777
1.1885776193374797,-0.4410108434066874
0.5830122677046317,0.6074292031927315
0.24169590370263075,-0.3024255299057371
0.2293627668240949,1.1551180308156983
0.617301195226179,0.36809180420692755
1.5901848319296572,-0.43464160712390615
0.11891719636353006,0.41474748217140905
1.700039239154311,-0.3016645723719124
-0.1381922482044734,0.0374446225669641
0.18881068852893104,0.10539568824391961
0.37703148228350675,-0.36193504502275875
-0.9517535779425527,0.5803674252297555
0.8226955679729171,-0.6930601422541122
0.18902788149855726,0.08331894142496374
